Intent,Count
कोक,51
चिकेन ललिपप,45
चिकेन ससेज,45
आलु पकौडा,45
बफ चिल्ली,45
चिकेन चिल्ली,45
प्याज पकौडा,45
चिकेन लेगपीस,45
बफ ससेज,45
बफ सुकुटी,45
चिकेन सुकुटी,45
बर्गर,42
चिसो,38
हुक्का,38
पिजा,37
चाउमिन,37
मोमो,37
परि,30
भेज चाउमिन,28
चिकेन चाउमिन,28
डिउ,28
स्प्राइट,28
भेज मोमो,28
चिकेन मोमो,28
फेन्टा,28
बफ चाउमिन,28
बफ मोमो,28
चिज पिजा,28
अर्ना,28
मसरूम पिजा,28
मिक्स पिजा,28
चिकेन पिजा,28
टुबोर्ग स्ट्रोङ,27
सी मोमो,27
टुबोर्ग डिलक्स,27
रुसलान,27
टुबोर्ग गोल्ड,27
खुकुरी,27
वाईन,26
ससेज,24
सुकुटी,24
बियर,22
पकौडा,22
अफर,18
वाईफाई,18
स्पेशल,16
रेस्टुरेन्ट,13
कम्पनि,12
